USE RESORT
GO

INSERT INTO ChiNhanh (Tinh, DiaChi, DienThoai, Email)
VAlUES (N'Ninh Thuận', N'Vĩnh Hy, Vĩnh Hải, Ninh Hải, Ninh Thuận, Việt Nam', '02593770777', 'amanoi@aman.com')
INSERT INTO ChiNhanh (Tinh, DiaChi, DienThoai, Email)
VAlUES (N'Khánh Hoà', N'Vịnh Ninh Vân, Ninh Hòa, Khánh Hòa, Việt Nam', '02583524268', 'reservations-ninhvan@sixsenses.com')
INSERT INTO ChiNhanh (Tinh, DiaChi, DienThoai, Email)
VAlUES (N'Kiên Giang', N'An Thới, Phú Quốc, Kiên Giang, Việt Nam', '02973779999', 'mhrs.pqcjw.reservations@marriotthotels.com')
INSERT INTO ChiNhanh (Tinh, DiaChi, DienThoai, Email)
VAlUES (N'Đà Nẵng', N'Bãi Bắc, Bán Đảo Sơn Trà, Thọ Quang, Sơn Trà, Đà Nẵng, Việt Nam', '02363938888', 'reservation.icdanang@ihg.com')
INSERT INTO ChiNhanh (Tinh, DiaChi, DienThoai, Email)
VAlUES (N'Phú Yên', N'Lô C1 Đường Độc lập, Phường 9, Tp. Tuy Hoà, Phú Yên, Việt Nam', '02573666678', 'info@steliaresort.com')
INSERT INTO ChiNhanh (Tinh, DiaChi, DienThoai, Email)
VAlUES (N'Bình Định', N'Gềnh Ráng, Biển Bãi Dài, Phường Ghềnh Ráng, Thành phố Quy Nhơn, Bình Định, Việt Nam', '02563840132', 'quynhon@avanihotels.com')

INSERT INTO HinhAnhChiNhanh(MaChiNhanh, HinhAnh)
VAlUES ('CN1', N'https://cdn1.ivivu.com/iVivu/2019/01/29/19/khu-nghi-duong-amanoi-ninh-thuan-32-800x450.jpg')
INSERT INTO HinhAnhChiNhanh(MaChiNhanh, HinhAnh)
VAlUES ('CN2', N'https://du-lich.chudu24.com/f/m/1608/10/six-senses-ninh-van-bay.jpg?w=800&h=532')
INSERT INTO HinhAnhChiNhanh(MaChiNhanh, HinhAnh)
VAlUES ('CN3', N'https://phuquoctv.vn/assets/posts/1505450161-khach%20san%20phu%20quoc-marriott%20phu%20quoc%2000055.jpg')
INSERT INTO HinhAnhChiNhanh(MaChiNhanh, HinhAnh)
VAlUES ('CN4', N'https://kenh14cdn.com/2017/top-9-resort-sang-chanh-ivivu-12-1502281523164.jpg')
INSERT INTO HinhAnhChiNhanh(MaChiNhanh, HinhAnh)
VAlUES ('CN5', N'https://encrypted-tbn0.gstatic.com/images?q=tbn:ANd9GcR2OcvZblqdEYxq1G8mxLp4fIHq1F94RT6LMdmAvxi6ml5v2Eq_oYFy-jA0SLEesardBwU&usqp=CAU')
INSERT INTO HinhAnhChiNhanh(MaChiNhanh, HinhAnh)
VAlUES ('CN6', N'https://owa.bestprice.vn/images/hotels/large/avani-quy-nhon-resort-spa-5f6980aa196a3-848x477.jpg')

INSERT INTO Khu(MaChiNhanh, TenKhu)
VAlUES ('CN1', N'Khu A')
INSERT INTO Khu(MaChiNhanh, TenKhu)
VAlUES ('CN2', N'Khu B')
INSERT INTO Khu(MaChiNhanh, TenKhu)
VAlUES ('CN3', N'Khu C')
INSERT INTO Khu(MaChiNhanh, TenKhu)
VAlUES ('CN4', N'Khu D')
INSERT INTO Khu(MaChiNhanh, TenKhu)
VAlUES ('CN5', N'Khu E')
INSERT INTO Khu(MaChiNhanh, TenKhu)
VAlUES ('CN6', N'Khu F')

INSERT INTO LoaiPhong(TenLoaiPhong, DienTich, SoKhach, MoTaKhac)
VAlUES (N'Phòng Bungalow', 40, 5, N'Tầng cao, có hướng nhìn đẹp và được trang bị những vật dụng, trang thiết bị cao cấp.')
INSERT INTO LoaiPhong(TenLoaiPhong, DienTich, SoKhach, MoTaKhac)
VAlUES (N'Phòng Superior ',25, 3, N'Đầy đủ các đồ nội thất tiện nghi.')
INSERT INTO LoaiPhong(TenLoaiPhong, DienTich, SoKhach, MoTaKhac)
VAlUES (N'Phòng Deluxe',30, 3, N'Không gian rộng rãi, sang trọng.')
INSERT INTO LoaiPhong(TenLoaiPhong, DienTich, SoKhach, MoTaKhac)
VAlUES (N'Phòng Suite',40, 4, N'Phòng cao cấp, với nội thất sang trọng và dịch vụ đi kèm tương xứng.')
INSERT INTO LoaiPhong(TenLoaiPhong, DienTich, SoKhach, MoTaKhac)
VAlUES (N'Phòng Executive',35, 4, N'Không gian đẹp nhất, nội thất tiện nghi nhất cùng dịch vụ chất lượng nhất của khách sạn.')
INSERT INTO LoaiPhong(TenLoaiPhong, DienTich, SoKhach, MoTaKhac)
VAlUES (N'Phòng Thường',20, 2, N'Trang thiết bị đầy đủ.')

INSERT INTO ThongTinGiuong(MaLoaiPhong, KichThuoc, SoLuong)
VAlUES (1, 2.0, 3)
INSERT INTO ThongTinGiuong(MaLoaiPhong, KichThuoc, SoLuong)
VAlUES (2, 1.2, 2)
INSERT INTO ThongTinGiuong(MaLoaiPhong, KichThuoc, SoLuong)
VAlUES (3, 1.6, 2)
INSERT INTO ThongTinGiuong(MaLoaiPhong, KichThuoc, SoLuong)
VAlUES (4, 2.0, 2)
INSERT INTO ThongTinGiuong(MaLoaiPhong, KichThuoc, SoLuong)
VAlUES (5, 2.0, 2)
INSERT INTO ThongTinGiuong(MaLoaiPhong, KichThuoc, SoLuong)
VAlUES (6, 1.2, 2)

INSERT INTO ChiNhanhCoLoaiPhong(MaLoaiPhong, MaChiNhanh, GiaThue)
VAlUES (1, 'CN1', 2500)
INSERT INTO ChiNhanhCoLoaiPhong(MaLoaiPhong, MaChiNhanh, GiaThue)
VAlUES (2, 'CN2', 1400)
INSERT INTO ChiNhanhCoLoaiPhong(MaLoaiPhong, MaChiNhanh, GiaThue)
VAlUES (3, 'CN3', 1700)
INSERT INTO ChiNhanhCoLoaiPhong(MaLoaiPhong, MaChiNhanh, GiaThue)
VAlUES (4, 'CN4', 2000)
INSERT INTO ChiNhanhCoLoaiPhong(MaLoaiPhong, MaChiNhanh, GiaThue)
VAlUES (5, 'CN5', 1800)
INSERT INTO ChiNhanhCoLoaiPhong(MaLoaiPhong, MaChiNhanh, GiaThue)
VAlUES (6, 'CN6', 500)

INSERT INTO Phong(MaChiNhanh, SoPhong, MaLoaiPhong, TenKhu)
VAlUES ('CN1', 101, 1, 'Khu A' )
INSERT INTO Phong(MaChiNhanh, SoPhong, MaLoaiPhong, TenKhu)
VAlUES ('CN2', 102, 2, 'Khu B' )
INSERT INTO Phong(MaChiNhanh, SoPhong, MaLoaiPhong, TenKhu)
VAlUES ('CN3', 103, 3, 'Khu C' )
INSERT INTO Phong(MaChiNhanh, SoPhong, MaLoaiPhong, TenKhu)
VAlUES ('CN4', 104, 4, 'Khu D' )
INSERT INTO Phong(MaChiNhanh, SoPhong, MaLoaiPhong, TenKhu)
VAlUES ('CN5', 105, 5, 'Khu E' )
INSERT INTO Phong(MaChiNhanh, SoPhong, MaLoaiPhong, TenKhu)
VAlUES ('CN6', 106, 6, 'Khu F' )

INSERT INTO LoaiVatTu(MaLoaiVatTu, TenLoaiVatTu)
VAlUES ('VT0001', N'Tivi 50inch' )
INSERT INTO LoaiVatTu(MaLoaiVatTu, TenLoaiVatTu)
VAlUES ('VT0002', N'Tủ lạnh 250l' )
INSERT INTO LoaiVatTu(MaLoaiVatTu, TenLoaiVatTu)
VAlUES ('VT0003', N'Máy giặt Sony' )
INSERT INTO LoaiVatTu(MaLoaiVatTu, TenLoaiVatTu)
VAlUES ('VT0004', N'Máy lạnh' )
INSERT INTO LoaiVatTu(MaLoaiVatTu, TenLoaiVatTu)
VAlUES ('VT0005', N'Bộ Sofa' )
INSERT INTO LoaiVatTu(MaLoaiVatTu, TenLoaiVatTu)
VAlUES ('VT0006', N'Giường 2.0' )
INSERT INTO LoaiVatTu(MaLoaiVatTu, TenLoaiVatTu)
VAlUES ('VT0007', N'Giường 1.2' )
INSERT INTO LoaiVatTu(MaLoaiVatTu, TenLoaiVatTu)
VAlUES ('VT0008', N'Giường 1.6' )

INSERT INTO LoaiVatTuTrongLoaiPhong(MaLoaiVatTu, MaLoaiPhong, SoLuong)
VAlUES ('VT0001', 1, 1)
INSERT INTO LoaiVatTuTrongLoaiPhong(MaLoaiVatTu, MaLoaiPhong, SoLuong)
VAlUES ('VT0002', 1, 1)
INSERT INTO LoaiVatTuTrongLoaiPhong(MaLoaiVatTu, MaLoaiPhong, SoLuong)
VAlUES ('VT0003', 1, 1)
INSERT INTO LoaiVatTuTrongLoaiPhong(MaLoaiVatTu, MaLoaiPhong, SoLuong)
VAlUES ('VT0004', 1, 1)
INSERT INTO LoaiVatTuTrongLoaiPhong(MaLoaiVatTu, MaLoaiPhong, SoLuong)
VAlUES ('VT0005', 1, 1)
INSERT INTO LoaiVatTuTrongLoaiPhong(MaLoaiVatTu, MaLoaiPhong, SoLuong)
VAlUES ('VT0006', 1, 3)
INSERT INTO LoaiVatTuTrongLoaiPhong(MaLoaiVatTu, MaLoaiPhong, SoLuong)
VAlUES ('VT0001', 2, 1)
INSERT INTO LoaiVatTuTrongLoaiPhong(MaLoaiVatTu, MaLoaiPhong, SoLuong)
VAlUES ('VT0002', 2, 1)
INSERT INTO LoaiVatTuTrongLoaiPhong(MaLoaiVatTu, MaLoaiPhong, SoLuong)
VAlUES ('VT0003', 2, 1)
INSERT INTO LoaiVatTuTrongLoaiPhong(MaLoaiVatTu, MaLoaiPhong, SoLuong)
VAlUES ('VT0004', 2, 1)
INSERT INTO LoaiVatTuTrongLoaiPhong(MaLoaiVatTu, MaLoaiPhong, SoLuong)
VAlUES ('VT0005', 2, 1)
INSERT INTO LoaiVatTuTrongLoaiPhong(MaLoaiVatTu, MaLoaiPhong, SoLuong)
VAlUES ('VT0008', 2, 2)
INSERT INTO LoaiVatTuTrongLoaiPhong(MaLoaiVatTu, MaLoaiPhong, SoLuong)
VAlUES ('VT0001', 3, 1)
INSERT INTO LoaiVatTuTrongLoaiPhong(MaLoaiVatTu, MaLoaiPhong, SoLuong)
VAlUES ('VT0002', 3, 1)
INSERT INTO LoaiVatTuTrongLoaiPhong(MaLoaiVatTu, MaLoaiPhong, SoLuong)
VAlUES ('VT0003', 3, 1)
INSERT INTO LoaiVatTuTrongLoaiPhong(MaLoaiVatTu, MaLoaiPhong, SoLuong)
VAlUES ('VT0004', 3, 1)
INSERT INTO LoaiVatTuTrongLoaiPhong(MaLoaiVatTu, MaLoaiPhong, SoLuong)
VAlUES ('VT0005', 3, 1)
INSERT INTO LoaiVatTuTrongLoaiPhong(MaLoaiVatTu, MaLoaiPhong, SoLuong)
VAlUES ('VT0008', 3, 2)

INSERT INTO VatTu(MaChiNhanh, MaLoaiVatTu, STTVatTu, TinhTrang, SoPhong)
VAlUES ('CN1', 'VT0001', 1, N'Bình thường',101)
INSERT INTO VatTu(MaChiNhanh, MaLoaiVatTu, STTVatTu, TinhTrang, SoPhong)
VAlUES ('CN1', 'VT0002', 2, N'Bình thường',101)
INSERT INTO VatTu(MaChiNhanh, MaLoaiVatTu, STTVatTu, TinhTrang, SoPhong)
VAlUES ('CN1', 'VT0003', 3, N'Bình thường',101)
INSERT INTO VatTu(MaChiNhanh, MaLoaiVatTu, STTVatTu, TinhTrang, SoPhong)
VAlUES ('CN1', 'VT0004', 4, N'Bình thường',101)
INSERT INTO VatTu(MaChiNhanh, MaLoaiVatTu, STTVatTu, TinhTrang, SoPhong)
VAlUES ('CN1', 'VT0005', 5, N'Bình thường',101)
INSERT INTO VatTu(MaChiNhanh, MaLoaiVatTu, STTVatTu, TinhTrang, SoPhong)
VAlUES ('CN1', 'VT0006', 6, N'Bình thường',101)
INSERT INTO VatTu(MaChiNhanh, MaLoaiVatTu, STTVatTu, TinhTrang, SoPhong)
VAlUES ('CN2', 'VT0001', 1, N'Bình thường',102)
INSERT INTO VatTu(MaChiNhanh, MaLoaiVatTu, STTVatTu, TinhTrang, SoPhong)
VAlUES ('CN2', 'VT0002', 2, N'Bình thường',102)
INSERT INTO VatTu(MaChiNhanh, MaLoaiVatTu, STTVatTu, TinhTrang, SoPhong)
VAlUES ('CN2', 'VT0003', 3, N'Bình thường',102)
INSERT INTO VatTu(MaChiNhanh, MaLoaiVatTu, STTVatTu, TinhTrang, SoPhong)
VAlUES ('CN2', 'VT0004', 4, N'Bình thường',102)
INSERT INTO VatTu(MaChiNhanh, MaLoaiVatTu, STTVatTu, TinhTrang, SoPhong)
VAlUES ('CN2', 'VT0005', 5, N'Bình thường',102)
INSERT INTO VatTu(MaChiNhanh, MaLoaiVatTu, STTVatTu, TinhTrang, SoPhong)
VAlUES ('CN2', 'VT0008', 6, N'Bình thường',102)
INSERT INTO VatTu(MaChiNhanh, MaLoaiVatTu, STTVatTu, TinhTrang, SoPhong)
VAlUES ('CN3', 'VT0001', 1, N'Bình thường',103)
INSERT INTO VatTu(MaChiNhanh, MaLoaiVatTu, STTVatTu, TinhTrang, SoPhong)
VAlUES ('CN3', 'VT0002', 1, N'Bình thường',103)
INSERT INTO VatTu(MaChiNhanh, MaLoaiVatTu, STTVatTu, TinhTrang, SoPhong)
VAlUES ('CN3', 'VT0003', 1, N'Bình thường',103)
INSERT INTO VatTu(MaChiNhanh, MaLoaiVatTu, STTVatTu, TinhTrang, SoPhong)
VAlUES ('CN3', 'VT0004', 1, N'Bình thường',103)
INSERT INTO VatTu(MaChiNhanh, MaLoaiVatTu, STTVatTu, TinhTrang, SoPhong)
VAlUES ('CN3', 'VT0005', 1, N'Bình thường',103)
INSERT INTO VatTu(MaChiNhanh, MaLoaiVatTu, STTVatTu, TinhTrang, SoPhong)
VAlUES ('CN3', 'VT0008', 1, N'Bình thường',103)

INSERT INTO NhaCungCap(MaNhaCungCap, TenNhaCungCap, Email, DiaChi)
VAlUES ('NCC0001', N'CÔNG TY TNHH THƯƠNG MẠI DỊCH VỤ SAO MAI SÀI GÒN','xuanhoisaomai@gmail.com', N'Số 324/7 Đường Hoàng Văn Thụ, P.4, Q. Tân Bình, Tp.HCM' )
INSERT INTO NhaCungCap(MaNhaCungCap, TenNhaCungCap, Email, DiaChi)
VAlUES ('NCC0002', N'Nguyễn Kim','NKare@nguyenkim.com', N'307 Đ. Võ Văn Ngân, Linh Chiểu, Thủ Đức, Thành phố Hồ Chí Minh')
INSERT INTO NhaCungCap(MaNhaCungCap, TenNhaCungCap, Email, DiaChi)
VAlUES ('NCC0003', N'CÔNG TY TNHH THƯƠNG MẠI & DỊCH VỤ KỸ THUẬT QUỲNH TRÂM ANH','info@maylanhtietkiemdien.vn', N'24/10 Võ Văn Ngân, Phường Trường Thọ, Q.Thủ Đức, Tp.HCM' )
INSERT INTO NhaCungCap(MaNhaCungCap, TenNhaCungCap, Email, DiaChi)
VAlUES ('NCC0004', N'NỘI THẤT HƯNG PHÁT SÀI GÒN','noithathungphatsaigon@gmail.com', N'844 Quang Trung, Phường 8, Quận Gò Vấp, Thành phố Hồ Chí Minh' )

INSERT INTO CungCapVatTu(MaNhaCungCap, MaLoaiVatTu, MaChiNhanh)
VAlUES ('NCC0001', 'VT0001','CN1')
INSERT INTO CungCapVatTu(MaNhaCungCap, MaLoaiVatTu, MaChiNhanh)
VAlUES ('NCC0002', 'VT0002','CN1')
INSERT INTO CungCapVatTu(MaNhaCungCap, MaLoaiVatTu, MaChiNhanh)
VAlUES ('NCC0002', 'VT0003','CN1')
INSERT INTO CungCapVatTu(MaNhaCungCap, MaLoaiVatTu, MaChiNhanh)
VAlUES ('NCC0003', 'VT0004','CN1')
INSERT INTO CungCapVatTu(MaNhaCungCap, MaLoaiVatTu, MaChiNhanh)
VAlUES ('NCC0004', 'VT0005','CN1')
INSERT INTO CungCapVatTu(MaNhaCungCap, MaLoaiVatTu, MaChiNhanh)
VAlUES ('NCC0004', 'VT0006','CN1')
INSERT INTO CungCapVatTu(MaNhaCungCap, MaLoaiVatTu, MaChiNhanh)
VAlUES ('NCC0004', 'VT0007','CN1')
INSERT INTO CungCapVatTu(MaNhaCungCap, MaLoaiVatTu, MaChiNhanh)
VAlUES ('NCC0004', 'VT0008','CN1')
INSERT INTO CungCapVatTu(MaNhaCungCap, MaLoaiVatTu, MaChiNhanh)
VAlUES ('NCC0001', 'VT0001','CN2')
INSERT INTO CungCapVatTu(MaNhaCungCap, MaLoaiVatTu, MaChiNhanh)
VAlUES ('NCC0002', 'VT0002','CN2')
INSERT INTO CungCapVatTu(MaNhaCungCap, MaLoaiVatTu, MaChiNhanh)
VAlUES ('NCC0002', 'VT0003','CN2')
INSERT INTO CungCapVatTu(MaNhaCungCap, MaLoaiVatTu, MaChiNhanh)
VAlUES ('NCC0003', 'VT0004','CN2')
INSERT INTO CungCapVatTu(MaNhaCungCap, MaLoaiVatTu, MaChiNhanh)
VAlUES ('NCC0004', 'VT0005','CN2')
INSERT INTO CungCapVatTu(MaNhaCungCap, MaLoaiVatTu, MaChiNhanh)
VAlUES ('NCC0004', 'VT0006','CN2')
INSERT INTO CungCapVatTu(MaNhaCungCap, MaLoaiVatTu, MaChiNhanh)
VAlUES ('NCC0004', 'VT0007','CN2')
INSERT INTO CungCapVatTu(MaNhaCungCap, MaLoaiVatTu, MaChiNhanh)
VAlUES ('NCC0004', 'VT0008','CN2')
INSERT INTO CungCapVatTu(MaNhaCungCap, MaLoaiVatTu, MaChiNhanh)
VAlUES ('NCC0001', 'VT0001','CN3')
INSERT INTO CungCapVatTu(MaNhaCungCap, MaLoaiVatTu, MaChiNhanh)
VAlUES ('NCC0002', 'VT0002','CN3')
INSERT INTO CungCapVatTu(MaNhaCungCap, MaLoaiVatTu, MaChiNhanh)
VAlUES ('NCC0002', 'VT0003','CN3')
INSERT INTO CungCapVatTu(MaNhaCungCap, MaLoaiVatTu, MaChiNhanh)
VAlUES ('NCC0003', 'VT0004','CN3')
INSERT INTO CungCapVatTu(MaNhaCungCap, MaLoaiVatTu, MaChiNhanh)
VAlUES ('NCC0004', 'VT0005','CN3')
INSERT INTO CungCapVatTu(MaNhaCungCap, MaLoaiVatTu, MaChiNhanh)
VAlUES ('NCC0004', 'VT0006','CN3')
INSERT INTO CungCapVatTu(MaNhaCungCap, MaLoaiVatTu, MaChiNhanh)
VAlUES ('NCC0004', 'VT0007','CN3')
INSERT INTO CungCapVatTu(MaNhaCungCap, MaLoaiVatTu, MaChiNhanh)
VAlUES ('NCC0004', 'VT0008','CN3')

INSERT INTO KhachHang(MaKhachHang, CCCD_CMND, HoTen, DienThoai, Email, Username, Pass, Diem, Loai)
VAlUES ('KH111111', '225369451231', N'Phùng Khánh', '09704672697', 'khoanhsac.khanh18@gmail.com', 'phungkhanh', convert(varbinary, 'Khongnho;'), 10, 1)
INSERT INTO KhachHang(MaKhachHang, CCCD_CMND, HoTen, DienThoai, Email, Username, Pass, Diem, Loai)
VAlUES ('KH222222', '225697215320', N'Trần Lộc', '09763268742', 'loctran.loc26@gmail.com', 'Tienloc', convert(varbinary, 'Tienloc123@@'), 20, 1)
INSERT INTO KhachHang(MaKhachHang, CCCD_CMND, HoTen, DienThoai, Email, Username, Pass, Diem, Loai)
VAlUES ('KH333333', '225023478942', N'Đức Anh', '09532106951', 'anhduc.duc333@gmail.com', 'Ducanh', convert(varbinary, 'Maiducanh'), 50, 2)
INSERT INTO KhachHang(MaKhachHang, CCCD_CMND, HoTen, DienThoai, Email, Username, Pass, Diem, Loai, SoNgayCongThem)
VAlUES ('KH444444', '225149630576', N'Đinh Vinh', '09630198953', 'vinhdinh.vinh444@gmail.com', 'Vinhdinh', convert(varbinary, 'Khongnho;'), 100, 3, 1)

INSERT INTO GoiDichVu(TenGoi, SoNgay, SoKhach, Gia)
VAlUES ('GOI A', 14, 2, 10000)
INSERT INTO GoiDichVu(TenGoi, SoNgay, SoKhach, Gia)
VAlUES ('GOI B', 14, 4, 20000)
INSERT INTO GoiDichVu(TenGoi, SoNgay, SoKhach, Gia)
VAlUES ('GOI C', 30, 4, 50000)
INSERT INTO GoiDichVu(TenGoi, SoNgay, SoKhach, Gia)
VAlUES ('GOI D', 50, 5, 100000)

INSERT INTO HoaDonGoiDichVu(MaKhachHang, TenGoi, NgayGioMua, NgayBatDau, TongTien)
VAlUES ('KH111111','GOI A', '2021-11-20 20:00:00', '2021-11-25', 10000)
INSERT INTO HoaDonGoiDichVu(MaKhachHang, TenGoi, NgayGioMua, NgayBatDau, TongTien)
VAlUES ('KH222222','GOI B', '2021-11-21 08:00:00', '2021-11-30', 20000)
INSERT INTO HoaDonGoiDichVu(MaKhachHang, TenGoi, NgayGioMua, NgayBatDau, TongTien)
VAlUES ('KH333333','GOI C', '2021-11-19 10:40:00', '2021-11-27', 50000)
INSERT INTO HoaDonGoiDichVu(MaKhachHang, TenGoi, NgayGioMua, NgayBatDau, TongTien)
VAlUES ('KH444444','GOI D', '2021-11-22 12:30:00', '2021-12-01', 100000)

INSERT INTO DonDatPhong(NgayGioDat, SoKhach, NgayNhanPhong, NgayTraPhong, TinhTrang, TongTien, MaKhachHang, TenGoiDichVu)
VAlUES ('2021-11-20 20:00:00', 1,'2021-11-25 07:00:00', '2021-11-27 19:00:00', 1, 0, 'KH111111', 'GOI A')
INSERT INTO DonDatPhong(NgayGioDat, SoKhach, NgayNhanPhong, NgayTraPhong, TinhTrang, TongTien, MaKhachHang, TenGoiDichVu)
VAlUES ('2021-11-21 08:00:00', 3,'2021-11-30 12:00:00', '2021-12-03 15:00:00', 1, 0, 'KH222222', 'GOI B')
INSERT INTO DonDatPhong(NgayGioDat, SoKhach, NgayNhanPhong, NgayTraPhong, TinhTrang, TongTien, MaKhachHang, TenGoiDichVu)
VAlUES ('2021-11-19 10:40:00', 4,'2021-11-27 09:30:00', '2021-11-30 16:30:00', 1, 0, 'KH333333', 'GOI C')
INSERT INTO DonDatPhong(NgayGioDat, SoKhach, NgayNhanPhong, NgayTraPhong, TinhTrang, TongTien, MaKhachHang, TenGoiDichVu)
VAlUES ('2021-11-22 12:30:00', 2,'2021-12-01 07:00:00', '2021-12-03 22:00:00', 1, 0, 'KH444444', 'GOI D')
GO

CREATE FUNCTION [dbo].[INSERT_ID] (@str VARCHAR(6))
RETURNS VARCHAR(16)
AS
BEGIN
	DECLARE @id		VARCHAR(16),
			@time	VARCHAR(8)
	SET @time = (SELECT FORMAT(GETDATE(), 'ddMMyyyy'))
	SET @id = 'DP' + CONVERT(VARCHAR, @time) + @str
	RETURN @id
END
GO

INSERT INTO PhongThue(MaDatPhong, MaChiNhanh, SoPhong)
VALUES (dbo.INSERT_ID('000001'), 'CN1', 101)
INSERT INTO PhongThue(MaDatPhong, MaChiNhanh, SoPhong)
VALUES (dbo.INSERT_ID('000002'), 'CN2', 102)
INSERT INTO PhongThue(MaDatPhong, MaChiNhanh, SoPhong)
VALUES (dbo.INSERT_ID('000003'), 'CN3', 103)
INSERT INTO PhongThue(MaDatPhong, MaChiNhanh, SoPhong)
VALUES (dbo.INSERT_ID('000002'), 'CN4', 104)
INSERT INTO PhongThue(MaDatPhong, MaChiNhanh, SoPhong)
VALUES (dbo.INSERT_ID('000004'), 'CN5', 105)
INSERT INTO PhongThue(MaDatPhong, MaChiNhanh, SoPhong)
VALUES (dbo.INSERT_ID('000004'), 'CN6', 106)

INSERT INTO HoaDon(ThoiGianNhanPhong, ThoiGianTraPhong, MaDatPhong)
VALUES ('07:00', '19:00', dbo.INSERT_ID('000001'))
INSERT INTO HoaDon(ThoiGianNhanPhong, ThoiGianTraPhong, MaDatPhong)
VALUES ('12:00', '15:00', dbo.INSERT_ID('000002'))
INSERT INTO HoaDon(ThoiGianNhanPhong, ThoiGianTraPhong, MaDatPhong)
VALUES ('09:30', '16:30', dbo.INSERT_ID('000004'))
INSERT INTO HoaDon(ThoiGianNhanPhong, ThoiGianTraPhong, MaDatPhong)
VALUES ('07:00', '22:00', dbo.INSERT_ID('000003'))


INSERT INTO DoanhNghiep(MaDoanhNghiep, TenDoanhNghiep)
VALUES ('DN0001', N'Thăng Long')
INSERT INTO DoanhNghiep(MaDoanhNghiep, TenDoanhNghiep)
VALUES ('DN0002', N'Hoà Phát')
INSERT INTO DoanhNghiep(MaDoanhNghiep, TenDoanhNghiep)
VALUES ('DN0003', N'Trường Hải')
INSERT INTO DoanhNghiep(MaDoanhNghiep, TenDoanhNghiep)
VALUES ('DN0004', N'Sài Gòn')
INSERT INTO DoanhNghiep(MaDoanhNghiep, TenDoanhNghiep)
VALUES ('DN0005', N'Bảo Việt')

INSERT INTO DichVu(MaDichVu, LoaiDichVu, SoKhach, PhongCach, MaDoanhNghiep)
VALUES ('DVR001', 'R', 50, N'Châu Âu', 'DN0001' )
INSERT INTO DichVu(MaDichVu, LoaiDichVu, SoKhach, PhongCach, MaDoanhNghiep)
VALUES ('DVR002', 'R', 80, N'Truyền thống Việt', 'DN0005' )
INSERT INTO DichVu(MaDichVu, LoaiDichVu, SoKhach, PhongCach, MaDoanhNghiep)
VALUES ('DVS001', 'S', 30, N'Trung Hoa', 'DN0003' )
INSERT INTO DichVu(MaDichVu, LoaiDichVu, SoKhach, PhongCach, MaDoanhNghiep)
VALUES ('DVS002', 'S', 25, N'Châu Âu', 'DN0001' )
INSERT INTO DichVu(MaDichVu, LoaiDichVu, SoKhach, PhongCach, MaDoanhNghiep)
VALUES ('DVM001', 'M', 30, N'Trung Hoa', 'DN0002' )
INSERT INTO DichVu(MaDichVu, LoaiDichVu, SoKhach, PhongCach, MaDoanhNghiep)
VALUES ('DVM002', 'M', 400, N'Truyền Thống Việt', 'DN0004' )
INSERT INTO DichVu(MaDichVu, LoaiDichVu, SoKhach, PhongCach, MaDoanhNghiep)
VALUES ('DVB001', 'B', 100, N'Châu Âu', 'DN0005' )
INSERT INTO DichVu(MaDichVu, LoaiDichVu, SoKhach, PhongCach, MaDoanhNghiep)
VALUES ('DVB002', 'B', 200, N'Châu Mỹ', 'DN0004' )
INSERT INTO DichVu(MaDichVu, LoaiDichVu, SoKhach, PhongCach, MaDoanhNghiep)
VALUES ('DVC001', 'C', 145, N'Bắc Băng Dương', 'DN0002' )
INSERT INTO DichVu(MaDichVu, LoaiDichVu, SoKhach, PhongCach, MaDoanhNghiep)
VALUES ('DVC002', 'C', 283, N'Châu Đại Dương', 'DN0003' )

INSERT INTO DichVuSpa(MaDichVu, DichVuSpa)
VALUES ('DVS001', N'Massage')
INSERT INTO DichVuSpa(MaDichVu, DichVuSpa)
VALUES ('DVS001', N'Dịch vụ chăm sóc da')
INSERT INTO DichVuSpa(MaDichVu, DichVuSpa)
VALUES ('DVS002', N'Massage')
INSERT INTO DichVuSpa(MaDichVu, DichVuSpa)
VALUES ('DVS002', N'Dịch vụ tắm trắng')


INSERT INTO LoaiHangDoLuuNiem(MaDichVU, LoaiHang)
VALUES ('DVM001', N'Đồ Mỹ Nghệ')
INSERT INTO LoaiHangDoLuuNiem(MaDichVU, LoaiHang)
VALUES ('DVM001', N'Vỏ Ốc')
INSERT INTO LoaiHangDoLuuNiem(MaDichVU, LoaiHang)
VALUES ('DVM002', N'Đặc Sản')
INSERT INTO LoaiHangDoLuuNiem(MaDichVU, LoaiHang)
VALUES ('DVM002', N'Đồ Mỹ Nghệ')

INSERT INTO ThuongHieuDoLuuNiem(MaDichVU, ThuongHieu)
VALUES ('DVM001', N'Nguyễn Biển')
INSERT INTO ThuongHieuDoLuuNiem(MaDichVU, ThuongHieu)
VALUES ('DVM001', N'Duy Anh')
INSERT INTO ThuongHieuDoLuuNiem(MaDichVU, ThuongHieu)
VALUES ('DVM002', N'Quyên Thảo')
INSERT INTO ThuongHieuDoLuuNiem(MaDichVU, ThuongHieu)
VALUES ('DVM002', N'Mộng Điệp')

INSERT INTO MatBang(MaChiNhanh, STTMatBang, ChieuDai, ChieuRong, GiaThue, MoTa, MaDichVu, TenCuaHang, Logo)	
VALUES ('CN1', 1, 20, 6, 12000, N'Gần biển', 'DVB001', N'Thăng Long', 'https://www.thanglongcement.com.vn/upload/partner/27857667cli-thanglong.png')
INSERT INTO MatBang(MaChiNhanh, STTMatBang, ChieuDai, ChieuRong, GiaThue, MoTa, MaDichVu, TenCuaHang, Logo)	
VALUES ('CN2', 1, 30, 10, 30000, N'Nằm gần khu trung tâm', 'DVR002', N'Trường Hải', 'https://phuctruonghai.vn/wp-content/uploads/2019/03/cropped-PTH-Logo-whiteback-doc-1-2.png')
INSERT INTO MatBang(MaChiNhanh, STTMatBang, ChieuDai, ChieuRong, GiaThue, MoTa, MaDichVu, TenCuaHang, Logo)	
VALUES ('CN2', 2, 20, 8, 15000, N'Mặt tiền đường', 'DVM002', N'Hoà Phát', 'https://photo-cms-viettimes.zadn.vn/666x374/Uploaded/2021/obbcpuo/2017_11_01/logo_hpg_moi1_lhvx.jpg')
INSERT INTO MatBang(MaChiNhanh, STTMatBang, ChieuDai, ChieuRong, GiaThue, MoTa, MaDichVu, TenCuaHang, Logo)	
VALUES ('CN3', 4, 12, 10, 18000, N'Gần sảnh khách sạn', 'DVS001', N'Sài Gòn', 'https://photo-cms-sggp.zadn.vn/w560/Uploaded/2021/nkdkswkqoc/original/2014/06/images504466_1.jpg')
INSERT INTO MatBang(MaChiNhanh, STTMatBang, ChieuDai, ChieuRong, GiaThue, MoTa, MaDichVu, TenCuaHang, Logo)	
VALUES ('CN4', 3, 15, 6, 25000, N'Cách biển 1km', 'DVC001', N'Bảo Việt', 'https://baoviet.com.vn/Uploads/Library/Images/logo.png')

INSERT INTO HinhAnhCuaHang(MaChiNhanh, STTMatBang, HinhAnh)
VALUES ('CN1', 1, 'http://www.hotel84.com/hotel84-images/news/img1/thang-long-star.jpg')
INSERT INTO HinhAnhCuaHang(MaChiNhanh, STTMatBang, HinhAnh)
VALUES ('CN2', 1, 'https://vietnammoving.com/upload/du-an/thaco-truong-hai-auto/du-an-chuyen-van-phong-cong-ty-thaco-auto-truong-hai.jpg')
INSERT INTO HinhAnhCuaHang(MaChiNhanh, STTMatBang, HinhAnh)
VALUES ('CN2', 2, 'http://trunganh.vn/data/upload/images/1395831431_trung-anh-hoang-quoc-viet.jpg')
INSERT INTO HinhAnhCuaHang(MaChiNhanh, STTMatBang, HinhAnh)
VALUES ('CN3', 4, 'https://pastaxi-manager.onepas.vn/content/uploads/articles/nguyendoan/anh-bai-chuoi/chuoi-sai-gon-xua-va-nay/chuoi-nha-hang-sai-gon-xua-va-nay-2.jpg')
INSERT INTO HinhAnhCuaHang(MaChiNhanh, STTMatBang, HinhAnh)
VALUES ('CN4', 3, 'https://www.baoviet.com.vn/Uploads/Library/Images/GAL3410_CBNV%20BVB%20Sai%20Gon%20tai%20tru%20so%20moi.jpg')


INSERT INTO KhungGioHoatDongCuaHang(MaChiNhanh, STTMatBang, GioBatDau, GioKetThuc)
VALUES ('CN1', 1, '08:00', '21:00')
INSERT INTO KhungGioHoatDongCuaHang(MaChiNhanh, STTMatBang, GioBatDau, GioKetThuc)
VALUES ('CN2', 1, '07:30', '22:00')
INSERT INTO KhungGioHoatDongCuaHang(MaChiNhanh, STTMatBang, GioBatDau, GioKetThuc)
VALUES ('CN2', 2, '07:30', '18:00')
INSERT INTO KhungGioHoatDongCuaHang(MaChiNhanh, STTMatBang, GioBatDau, GioKetThuc)
VALUES ('CN3', 4, '09:00', '21:00')
INSERT INTO KhungGioHoatDongCuaHang(MaChiNhanh, STTMatBang, GioBatDau, GioKetThuc)
VALUES ('CN4', 3, '07:00', '21:30')